Customer ID,Name,Age,Address,Loan Amount Requested,Loan Repayment History,Monthly Income,Monthly Expenditure,Other Loans,Loan Eligibility
CUST-0001,Customer-1,53,Address-166,308060,0,59048,54375,3,0
CUST-0002,Customer-2,29,Address-251,300199,0,41755,27382,2,0
CUST-0003,Customer-3,57,Address-33,86739,1,91274,26253,2,0
CUST-0004,Customer-4,35,Address-448,372848,0,84722,8485,4,0
CUST-0005,Customer-5,37,Address-70,238027,1,39675,64773,3,0
CUST-0006,Customer-6,55,Address-72,332854,0,53398,28906,4,0
CUST-0007,Customer-7,64,Address-227,280847,1,73797,46452,5,0
CUST-0008,Customer-8,27,Address-155,399879,1,34262,25647,3,0
CUST-0009,Customer-9,36,Address-402,292897,0,51237,24140,2,0
CUST-0010,Customer-10,22,Address-111,103042,0,74716,7234,4,0
CUST-0011,Customer-11,32,Address-355,29768,1,48431,58179,1,1
CUST-0012,Customer-12,24,Address-234,193673,1,33463,38972,4,0
CUST-0013,Customer-13,22,Address-321,311485,0,38492,6770,5,0
CUST-0014,Customer-14,34,Address-139,118544,1,78634,39666,3,0
CUST-0015,Customer-15,48,Address-489,266745,0,36947,15013,0,0
CUST-0016,Customer-16,48,Address-61,321532,0,93607,5111,1,0
CUST-0017,Customer-17,28,Address-226,13918,0,70531,74695,3,0
CUST-0018,Customer-18,44,Address-391,489237,0,27011,13195,4,0
CUST-0019,Customer-19,51,Address-142,216831,1,42310,56077,3,0
CUST-0020,Customer-20,31,Address-321,479806,1,78765,13229,2,0
CUST-0021,Customer-21,38,Address-420,243025,1,27591,52231,4,0
CUST-0022,Customer-22,51,Address-215,257534,0,56548,56541,3,0
CUST-0023,Customer-23,40,Address-245,363048,1,62090,45926,4,0
CUST-0024,Customer-24,35,Address-84,396232,1,47732,21630,1,0
CUST-0025,Customer-25,47,Address-430,103636,1,93951,15088,3,0
CUST-0026,Customer-26,37,Address-355,61084,1,88244,62664,0,0
CUST-0027,Customer-27,26,Address-89,466755,0,85989,73837,4,0
CUST-0028,Customer-28,62,Address-335,143784,1,65113,54329,1,0
CUST-0029,Customer-29,26,Address-448,241596,0,64428,15024,3,0
CUST-0030,Customer-30,25,Address-301,333978,0,23844,7616,3,0
CUST-0031,Customer-31,59,Address-481,456068,0,67466,14499,0,0
CUST-0032,Customer-32,23,Address-176,111791,1,69361,38815,2,0
CUST-0033,Customer-33,42,Address-180,332101,1,49418,41250,3,0
CUST-0034,Customer-34,56,Address-410,169001,0,65260,38641,5,0
CUST-0035,Customer-35,44,Address-375,381777,0,21403,19059,0,0
CUST-0036,Customer-36,24,Address-187,24446,0,49146,31191,0,0
CUST-0037,Customer-37,62,Address-142,280056,1,42441,34479,2,0
CUST-0038,Customer-38,53,Address-309,415883,0,79525,34694,3,0
CUST-0039,Customer-39,27,Address-480,468225,0,89200,54344,0,0
CUST-0040,Customer-40,53,Address-474,329143,0,46381,16626,0,0
CUST-0041,Customer-41,64,Address-325,358309,0,23893,74550,0,0
CUST-0042,Customer-42,27,Address-327,57709,1,49391,48204,1,0
CUST-0043,Customer-43,33,Address-449,45767,0,86011,70340,3,0
CUST-0044,Customer-44,48,Address-235,12532,0,47386,28564,4,0
CUST-0045,Customer-45,34,Address-380,266798,1,71305,60109,1,0
CUST-0046,Customer-46,62,Address-302,177401,0,89025,51094,0,0
CUST-0047,Customer-47,54,Address-416,35691,1,94540,13225,2,1
CUST-0048,Customer-48,28,Address-391,408183,1,97421,61434,3,0
CUST-0049,Customer-49,34,Address-177,418957,1,77020,38218,3,0
CUST-0050,Customer-50,59,Address-155,464978,0,79232,26755,4,0
CUST-0051,Customer-51,32,Address-107,294538,0,52663,9226,0,0
CUST-0052,Customer-52,24,Address-492,365457,1,55614,47302,3,0
CUST-0053,Customer-53,50,Address-362,491339,1,52307,65051,5,0
CUST-0054,Customer-54,26,Address-387,180856,0,88462,19675,1,0
CUST-0055,Customer-55,40,Address-384,287731,1,74091,39293,0,0
CUST-0056,Customer-56,28,Address-54,112664,0,44791,48286,1,0
CUST-0057,Customer-57,63,Address-467,400127,0,60749,46633,5,0
CUST-0058,Customer-58,61,Address-87,433676,1,63215,63035,4,0
CUST-0059,Customer-59,61,Address-88,301598,0,54891,73768,1,0
CUST-0060,Customer-60,29,Address-420,415657,0,36528,68446,5,0
CUST-0061,Customer-61,32,Address-254,280052,1,73642,18595,0,0
CUST-0062,Customer-62,48,Address-325,271612,0,32230,34632,0,0
CUST-0063,Customer-63,64,Address-55,398647,1,84777,41829,0,0
CUST-0064,Customer-64,30,Address-72,268699,0,56043,55170,3,0
CUST-0065,Customer-65,62,Address-66,418179,0,99479,53202,3,0
CUST-0066,Customer-66,59,Address-432,148054,1,91865,47142,3,0
CUST-0067,Customer-67,60,Address-235,200581,1,91404,35080,5,0
CUST-0068,Customer-68,21,Address-177,212759,1,63634,18140,0,0
CUST-0069,Customer-69,34,Address-192,106438,0,98594,72182,2,0
CUST-0070,Customer-70,22,Address-478,170996,1,39450,38382,2,0
CUST-0071,Customer-71,59,Address-449,377488,1,61120,74371,3,0
CUST-0072,Customer-72,40,Address-154,457050,0,94553,47603,1,0
CUST-0073,Customer-73,62,Address-136,88952,1,55529,60752,3,0
CUST-0074,Customer-74,32,Address-14,303645,0,46207,5638,4,0
CUST-0075,Customer-75,41,Address-455,52822,0,81181,16854,3,0
CUST-0076,Customer-76,35,Address-54,496834,1,80912,32691,1,0
CUST-0077,Customer-77,57,Address-269,366630,0,77709,53714,5,0
CUST-0078,Customer-78,28,Address-323,372193,0,23412,60295,1,0
CUST-0079,Customer-79,40,Address-207,112247,0,62857,22040,4,0
CUST-0080,Customer-80,61,Address-9,131046,0,60013,24197,4,0
CUST-0081,Customer-81,31,Address-39,174880,1,37664,58187,4,0
CUST-0082,Customer-82,54,Address-429,88336,0,38874,50703,1,0
CUST-0083,Customer-83,24,Address-281,320163,0,94346,53301,2,0
CUST-0084,Customer-84,32,Address-47,338516,0,50782,40884,4,0
CUST-0085,Customer-85,53,Address-212,260614,1,71435,74101,5,0
CUST-0086,Customer-86,39,Address-334,182904,1,71074,54209,0,0
CUST-0087,Customer-87,47,Address-430,162600,0,73837,10448,0,0
CUST-0088,Customer-88,60,Address-155,101040,0,83330,33070,4,0
CUST-0089,Customer-89,65,Address-73,266013,0,79317,43680,4,0
CUST-0090,Customer-90,57,Address-258,102536,0,55703,15626,2,0
CUST-0091,Customer-91,61,Address-349,5856,1,23566,73893,2,1
CUST-0092,Customer-92,54,Address-190,247207,0,63601,53815,2,0
CUST-0093,Customer-93,26,Address-179,386629,0,66363,28553,0,0
CUST-0094,Customer-94,44,Address-68,387426,0,46875,59875,5,0
CUST-0095,Customer-95,43,Address-97,316399,0,83006,65775,4,0
CUST-0096,Customer-96,27,Address-488,494336,1,26106,48253,0,0
CUST-0097,Customer-97,25,Address-399,163162,0,75815,37105,3,0
CUST-0098,Customer-98,50,Address-453,411570,0,52382,68442,3,0
CUST-0099,Customer-99,35,Address-416,348374,0,48591,27445,1,0
CUST-0100,Customer-100,22,Address-248,431689,0,99233,25761,4,0
CUST-0101,Customer-101,48,Address-395,371846,0,21177,48224,2,0
CUST-0102,Customer-102,37,Address-240,13873,0,22851,72004,3,0
CUST-0103,Customer-103,24,Address-405,241234,0,84211,33637,2,0
CUST-0104,Customer-104,22,Address-460,28405,0,51656,71098,5,0
CUST-0105,Customer-105,57,Address-256,346730,0,63914,15768,1,0
CUST-0106,Customer-106,44,Address-345,278259,0,25699,27712,2,0
CUST-0107,Customer-107,25,Address-137,373345,0,56061,34332,0,0
CUST-0108,Customer-108,40,Address-368,249598,1,92242,31834,2,0
CUST-0109,Customer-109,45,Address-209,341298,1,91499,28000,1,0
CUST-0110,Customer-110,28,Address-313,70170,0,84844,47724,0,0
CUST-0111,Customer-111,45,Address-243,330214,1,77518,40216,2,0
CUST-0112,Customer-112,44,Address-286,16381,1,97749,24977,1,1
CUST-0113,Customer-113,65,Address-486,213186,1,90983,49393,3,0
CUST-0114,Customer-114,33,Address-327,219221,0,38478,61852,3,0
CUST-0115,Customer-115,26,Address-80,5996,0,48626,14312,3,0
CUST-0116,Customer-116,60,Address-149,425237,1,61692,46114,0,0
CUST-0117,Customer-117,62,Address-467,268591,0,62804,9063,3,0
CUST-0118,Customer-118,37,Address-477,47340,1,61869,35673,2,0
CUST-0119,Customer-119,31,Address-424,317521,1,35870,12991,4,0
CUST-0120,Customer-120,48,Address-424,136597,1,87547,57986,4,0
CUST-0121,Customer-121,40,Address-290,154028,0,32013,22428,1,0
CUST-0122,Customer-122,37,Address-476,347855,0,58723,74411,2,0
CUST-0123,Customer-123,33,Address-37,147731,0,42000,12144,1,0
CUST-0124,Customer-124,62,Address-58,38332,0,66583,37217,4,0
CUST-0125,Customer-125,37,Address-41,451689,1,94092,49983,4,0
CUST-0126,Customer-126,49,Address-165,24166,1,88274,44144,1,1
CUST-0127,Customer-127,38,Address-67,420611,1,59674,12202,1,0
CUST-0128,Customer-128,64,Address-354,468072,1,45876,60142,3,0
CUST-0129,Customer-129,57,Address-466,495028,1,60894,32452,5,0
CUST-0130,Customer-130,27,Address-322,137726,1,67900,36743,5,0
CUST-0131,Customer-131,54,Address-158,228324,0,90261,35173,0,0
CUST-0132,Customer-132,44,Address-370,233735,1,38647,72565,0,0
CUST-0133,Customer-133,52,Address-454,482464,1,39009,52454,3,0
CUST-0134,Customer-134,59,Address-495,265910,0,78132,49203,0,0
CUST-0135,Customer-135,37,Address-334,455343,1,97263,36549,3,0
CUST-0136,Customer-136,57,Address-63,153042,0,44121,55717,0,0
CUST-0137,Customer-137,30,Address-124,112400,1,48447,18866,3,0
CUST-0138,Customer-138,43,Address-326,147011,0,59765,69004,1,0
CUST-0139,Customer-139,30,Address-433,105905,0,38863,72493,3,0
CUST-0140,Customer-140,31,Address-121,313751,1,33386,36333,4,0
CUST-0141,Customer-141,28,Address-148,342993,1,97992,69536,0,0
CUST-0142,Customer-142,24,Address-474,369614,0,51138,52769,4,0
CUST-0143,Customer-143,48,Address-261,34661,1,25428,32765,5,0
CUST-0144,Customer-144,45,Address-356,419357,1,92959,32407,2,0
CUST-0145,Customer-145,42,Address-169,252582,0,27231,62883,1,0
CUST-0146,Customer-146,59,Address-82,336295,0,67987,20878,2,0
CUST-0147,Customer-147,37,Address-65,10518,1,95567,52027,5,1
CUST-0148,Customer-148,41,Address-452,254185,0,80562,17150,0,0
CUST-0149,Customer-149,51,Address-53,59555,0,94710,45777,5,0
CUST-0150,Customer-150,32,Address-95,369254,0,79094,20501,4,0
CUST-0151,Customer-151,22,Address-130,147359,0,90327,51887,5,0
CUST-0152,Customer-152,60,Address-164,449927,0,86388,44974,1,0
CUST-0153,Customer-153,48,Address-159,223145,0,76297,42372,4,0
CUST-0154,Customer-154,33,Address-439,179338,1,92479,58669,0,0
CUST-0155,Customer-155,62,Address-97,22275,1,95878,69984,4,1
CUST-0156,Customer-156,62,Address-276,366697,0,68959,38369,4,0
CUST-0157,Customer-157,43,Address-160,442212,1,57590,43425,4,0
CUST-0158,Customer-158,34,Address-336,60397,0,93307,25686,0,0
CUST-0159,Customer-159,63,Address-98,227148,1,38798,9358,3,0
CUST-0160,Customer-160,58,Address-436,59429,0,54094,45741,3,0
CUST-0161,Customer-161,22,Address-280,234241,0,66599,51893,0,0
CUST-0162,Customer-162,35,Address-44,25340,1,63808,40429,0,1
CUST-0163,Customer-163,52,Address-96,65412,1,96754,50001,0,0
CUST-0164,Customer-164,43,Address-355,434664,0,94168,42403,0,0
CUST-0165,Customer-165,36,Address-492,225114,0,50157,11410,0,0
CUST-0166,Customer-166,30,Address-418,330281,0,51700,46092,4,0
CUST-0167,Customer-167,21,Address-71,492187,0,76924,28899,3,0
CUST-0168,Customer-168,44,Address-268,408116,1,75961,21928,1,0
CUST-0169,Customer-169,60,Address-264,199363,1,79245,68208,1,0
CUST-0170,Customer-170,60,Address-241,80815,1,27837,63563,5,0
CUST-0171,Customer-171,28,Address-348,42851,0,25012,49577,3,0
CUST-0172,Customer-172,27,Address-40,368169,1,51456,70133,5,0
CUST-0173,Customer-173,42,Address-373,114774,0,68656,63849,0,0
CUST-0174,Customer-174,38,Address-40,438972,1,29265,67127,5,0
CUST-0175,Customer-175,37,Address-497,353463,1,94175,36790,4,0
CUST-0176,Customer-176,34,Address-149,209893,0,53722,15269,1,0
CUST-0177,Customer-177,65,Address-87,166096,1,55959,59781,3,0
CUST-0178,Customer-178,26,Address-484,399120,0,98444,42984,2,0
CUST-0179,Customer-179,57,Address-312,102707,1,61745,28360,3,0
CUST-0180,Customer-180,50,Address-332,459368,1,24077,27582,3,0
CUST-0181,Customer-181,50,Address-332,409856,0,71621,16263,2,0
CUST-0182,Customer-182,60,Address-287,169132,1,32968,6853,2,0
CUST-0183,Customer-183,52,Address-377,126992,0,27936,8452,4,0
CUST-0184,Customer-184,60,Address-472,309312,0,75383,11119,0,0
CUST-0185,Customer-185,64,Address-111,69993,0,53837,35777,0,0
CUST-0186,Customer-186,49,Address-304,157918,0,66280,38819,5,0
CUST-0187,Customer-187,31,Address-296,79354,0,97647,15387,5,0
CUST-0188,Customer-188,54,Address-251,212857,1,22414,27906,4,0
CUST-0189,Customer-189,25,Address-73,18609,1,50586,21740,5,1
CUST-0190,Customer-190,24,Address-474,57343,1,42325,70903,5,0
CUST-0191,Customer-191,22,Address-400,176369,1,24576,57833,0,0
CUST-0192,Customer-192,31,Address-133,19214,1,74586,28495,5,1
CUST-0193,Customer-193,51,Address-2,416918,0,73075,73218,1,0
CUST-0194,Customer-194,53,Address-422,359141,1,33425,67323,2,0
CUST-0195,Customer-195,27,Address-14,165538,1,53877,67039,5,0
CUST-0196,Customer-196,34,Address-77,45366,0,48921,59417,4,0
CUST-0197,Customer-197,45,Address-112,136525,0,77856,22933,5,0
CUST-0198,Customer-198,55,Address-188,73509,0,72632,20989,0,0
CUST-0199,Customer-199,32,Address-46,60619,0,42450,16338,2,0
CUST-0200,Customer-200,47,Address-99,338076,1,86179,43084,4,0
CUST-0201,Customer-201,43,Address-200,491623,1,92956,40737,1,0
CUST-0202,Customer-202,54,Address-103,49304,1,45054,8965,2,0
CUST-0203,Customer-203,31,Address-308,398431,1,41830,39858,0,0
CUST-0204,Customer-204,32,Address-64,436142,1,99931,36115,1,0
CUST-0205,Customer-205,40,Address-293,254276,1,33581,6954,4,0
CUST-0206,Customer-206,25,Address-54,471401,1,43290,69611,0,0
CUST-0207,Customer-207,25,Address-134,278005,0,66224,53018,3,0
CUST-0208,Customer-208,35,Address-332,300939,1,53130,47660,0,0
CUST-0209,Customer-209,46,Address-441,47552,0,75988,24281,5,0
CUST-0210,Customer-210,30,Address-2,396517,1,25911,5563,1,0
CUST-0211,Customer-211,50,Address-299,25196,1,92561,14751,1,1
CUST-0212,Customer-212,39,Address-91,416898,0,48325,53265,2,0
CUST-0213,Customer-213,35,Address-258,320640,0,95590,54508,5,0
CUST-0214,Customer-214,29,Address-357,482175,1,70881,40240,5,0
CUST-0215,Customer-215,53,Address-26,294086,0,87321,18432,1,0
CUST-0216,Customer-216,26,Address-280,192708,1,91557,24393,0,0
CUST-0217,Customer-217,21,Address-169,219747,1,24485,17973,2,0
CUST-0218,Customer-218,45,Address-323,401315,1,94731,63244,5,0
CUST-0219,Customer-219,27,Address-162,79134,0,29710,71942,3,0
CUST-0220,Customer-220,30,Address-131,288475,1,66499,71296,3,0
CUST-0221,Customer-221,45,Address-151,227343,1,53433,59444,4,0
CUST-0222,Customer-222,43,Address-318,370808,1,94281,52797,0,0
CUST-0223,Customer-223,48,Address-372,31988,1,55330,32327,3,1
CUST-0224,Customer-224,64,Address-131,179852,1,98217,64470,4,0
CUST-0225,Customer-225,21,Address-298,330718,1,29842,53996,1,0
CUST-0226,Customer-226,61,Address-141,353725,1,31726,46578,0,0
CUST-0227,Customer-227,35,Address-36,338667,1,56828,59573,1,0
CUST-0228,Customer-228,39,Address-21,68089,1,30028,49726,1,0
CUST-0229,Customer-229,59,Address-171,131257,0,68769,46744,0,0
CUST-0230,Customer-230,47,Address-8,74496,1,95071,36984,2,0
CUST-0231,Customer-231,59,Address-310,438794,1,99049,5982,5,0
CUST-0232,Customer-232,52,Address-198,302093,1,52611,73978,5,0
CUST-0233,Customer-233,22,Address-342,289324,1,54499,65529,4,0
CUST-0234,Customer-234,32,Address-303,299313,0,92415,14469,4,0
CUST-0235,Customer-235,56,Address-410,93247,1,98244,34599,5,0
CUST-0236,Customer-236,42,Address-307,41424,1,83237,10214,0,1
CUST-0237,Customer-237,23,Address-363,343487,0,26605,60536,1,0
CUST-0238,Customer-238,56,Address-43,314969,1,35396,45577,1,0
CUST-0239,Customer-239,65,Address-293,385760,0,85940,51750,0,0
CUST-0240,Customer-240,30,Address-211,277362,1,44257,59299,2,0
CUST-0241,Customer-241,48,Address-426,195954,0,99657,59076,3,0
CUST-0242,Customer-242,58,Address-306,157189,0,51369,23624,3,0
CUST-0243,Customer-243,44,Address-139,264698,1,94690,17342,1,0
CUST-0244,Customer-244,51,Address-323,309172,1,64180,53384,1,0
CUST-0245,Customer-245,52,Address-500,127668,1,76631,8371,2,0
CUST-0246,Customer-246,41,Address-379,52048,0,39060,7385,5,0
CUST-0247,Customer-247,65,Address-236,412334,0,51825,29358,4,0
CUST-0248,Customer-248,46,Address-215,239611,1,42184,60407,5,0
CUST-0249,Customer-249,60,Address-185,327376,0,33307,29761,1,0
CUST-0250,Customer-250,47,Address-195,12532,0,84540,49599,3,0
CUST-0251,Customer-251,54,Address-110,153922,1,35569,49211,0,0
CUST-0252,Customer-252,64,Address-453,295212,1,95452,34303,3,0
CUST-0253,Customer-253,53,Address-368,19097,1,80290,63109,5,1
CUST-0254,Customer-254,56,Address-419,147150,0,70709,43592,4,0
CUST-0255,Customer-255,45,Address-24,34659,0,62514,38425,1,0
CUST-0256,Customer-256,55,Address-106,54957,1,30152,33643,1,0
CUST-0257,Customer-257,52,Address-37,32846,1,82853,31972,0,1
CUST-0258,Customer-258,37,Address-435,331255,1,59224,44162,0,0
CUST-0259,Customer-259,45,Address-298,478515,1,71309,32538,4,0
CUST-0260,Customer-260,21,Address-355,474859,0,93733,36730,3,0
CUST-0261,Customer-261,25,Address-488,62005,0,60653,51580,2,0
CUST-0262,Customer-262,23,Address-30,55336,0,78735,21315,3,0
CUST-0263,Customer-263,23,Address-193,99536,0,54637,29441,1,0
CUST-0264,Customer-264,23,Address-243,335795,1,64153,74509,2,0
CUST-0265,Customer-265,46,Address-322,33116,1,31203,17762,3,0
CUST-0266,Customer-266,60,Address-381,267620,0,63949,40255,5,0
CUST-0267,Customer-267,47,Address-306,110592,1,64101,40104,1,0
CUST-0268,Customer-268,53,Address-275,186364,1,70545,66692,3,0
CUST-0269,Customer-269,58,Address-419,284938,1,43213,17704,5,0
CUST-0270,Customer-270,55,Address-95,298502,1,30104,55522,1,0
CUST-0271,Customer-271,42,Address-468,451806,0,46837,32415,4,0
CUST-0272,Customer-272,58,Address-361,108672,1,93871,25976,1,0
CUST-0273,Customer-273,56,Address-498,99049,0,37638,35078,3,0
CUST-0274,Customer-274,50,Address-421,124451,0,95749,37244,5,0
CUST-0275,Customer-275,52,Address-137,429544,1,57237,21445,3,0
CUST-0276,Customer-276,34,Address-213,92357,0,78932,35894,4,0
CUST-0277,Customer-277,40,Address-47,61165,1,37362,35830,4,0
CUST-0278,Customer-278,58,Address-106,246682,0,67237,27624,2,0
CUST-0279,Customer-279,29,Address-412,349000,1,51168,23823,0,0
CUST-0280,Customer-280,53,Address-84,451827,0,33053,30493,0,0
CUST-0281,Customer-281,41,Address-324,417008,0,94149,47975,4,0
CUST-0282,Customer-282,47,Address-128,249975,1,36824,54133,3,0
CUST-0283,Customer-283,35,Address-401,387859,1,49221,46533,0,0
CUST-0284,Customer-284,55,Address-145,136211,0,94009,62211,4,0
CUST-0285,Customer-285,53,Address-66,187870,1,98007,11167,3,0
CUST-0286,Customer-286,41,Address-155,129725,1,42971,7612,0,0
CUST-0287,Customer-287,28,Address-224,459910,0,85053,23968,3,0
CUST-0288,Customer-288,64,Address-332,435392,1,63848,49482,3,0
CUST-0289,Customer-289,26,Address-237,300005,0,70442,64850,5,0
CUST-0290,Customer-290,35,Address-475,158853,0,59807,39210,0,0
CUST-0291,Customer-291,36,Address-232,39883,0,94332,9944,5,0
CUST-0292,Customer-292,41,Address-56,359366,1,31841,22197,5,0
CUST-0293,Customer-293,58,Address-86,136486,0,66148,27591,2,0
CUST-0294,Customer-294,40,Address-381,186556,1,33995,51863,4,0
CUST-0295,Customer-295,21,Address-21,279418,1,48322,38239,1,0
CUST-0296,Customer-296,44,Address-174,13865,1,61410,29683,5,1
CUST-0297,Customer-297,25,Address-286,243172,0,27609,28812,0,0
CUST-0298,Customer-298,56,Address-216,61787,1,22411,37092,1,0
CUST-0299,Customer-299,33,Address-235,205712,1,55904,19072,0,0
CUST-0300,Customer-300,63,Address-78,363311,1,78965,52964,1,0
CUST-0301,Customer-301,21,Address-376,187337,1,98940,11555,4,0
CUST-0302,Customer-302,45,Address-487,339517,0,76290,56925,5,0
CUST-0303,Customer-303,62,Address-12,283732,0,93759,32940,0,0
CUST-0304,Customer-304,29,Address-321,437838,0,93593,39165,4,0
CUST-0305,Customer-305,56,Address-6,180677,0,99258,67123,0,0
CUST-0306,Customer-306,45,Address-500,251847,0,26257,68862,0,0
CUST-0307,Customer-307,31,Address-243,185310,0,68555,41120,2,0
CUST-0308,Customer-308,30,Address-432,126729,1,23325,29263,2,0
CUST-0309,Customer-309,60,Address-195,156717,1,23702,37491,1,0
CUST-0310,Customer-310,45,Address-104,430759,1,42793,31136,3,0
CUST-0311,Customer-311,38,Address-159,238774,0,20680,13525,1,0
CUST-0312,Customer-312,37,Address-160,211611,0,50215,52924,2,0
CUST-0313,Customer-313,30,Address-141,272734,0,50967,7720,5,0
CUST-0314,Customer-314,37,Address-421,376664,0,86385,70797,0,0
CUST-0315,Customer-315,43,Address-468,197870,1,43103,66130,4,0
CUST-0316,Customer-316,51,Address-352,99994,0,35995,45084,2,0
CUST-0317,Customer-317,47,Address-328,43031,0,38588,8325,2,0
CUST-0318,Customer-318,22,Address-478,61004,0,27076,30775,2,0
CUST-0319,Customer-319,25,Address-269,411892,1,79875,27966,2,0
CUST-0320,Customer-320,48,Address-176,102478,0,20591,27103,3,0
CUST-0321,Customer-321,34,Address-90,328218,1,61098,39057,4,0
CUST-0322,Customer-322,38,Address-58,236299,0,59916,18665,1,0
CUST-0323,Customer-323,43,Address-206,208337,1,65608,49310,4,0
CUST-0324,Customer-324,39,Address-11,30947,1,38741,65448,2,0
CUST-0325,Customer-325,23,Address-386,465952,0,79234,64248,4,0
CUST-0326,Customer-326,36,Address-459,187572,0,65561,64911,3,0
CUST-0327,Customer-327,24,Address-223,373850,0,64427,57341,1,0
CUST-0328,Customer-328,46,Address-403,419977,1,69167,62757,2,0
CUST-0329,Customer-329,54,Address-43,329773,0,43669,22470,3,0
CUST-0330,Customer-330,55,Address-235,87284,1,36124,49052,3,0
CUST-0331,Customer-331,52,Address-487,432861,0,71612,51026,5,0
CUST-0332,Customer-332,40,Address-436,170503,0,53516,12801,1,0
CUST-0333,Customer-333,32,Address-363,258441,0,94358,42465,2,0
CUST-0334,Customer-334,58,Address-324,339831,1,38762,49936,1,0
CUST-0335,Customer-335,63,Address-203,321793,1,65844,42180,4,0
CUST-0336,Customer-336,48,Address-379,96818,1,94369,31795,1,0
CUST-0337,Customer-337,22,Address-254,249396,0,31323,69387,1,0
CUST-0338,Customer-338,41,Address-364,204203,1,85102,42777,0,0
CUST-0339,Customer-339,63,Address-27,152337,0,48353,26147,1,0
CUST-0340,Customer-340,28,Address-413,43429,0,74152,55780,4,0
CUST-0341,Customer-341,49,Address-244,355914,1,90747,17240,1,0
CUST-0342,Customer-342,31,Address-485,278757,1,91422,37334,3,0
CUST-0343,Customer-343,61,Address-44,262399,1,70610,34743,2,0
CUST-0344,Customer-344,65,Address-219,385499,1,57428,54401,0,0
CUST-0345,Customer-345,21,Address-276,95673,0,67656,66820,2,0
CUST-0346,Customer-346,30,Address-462,267319,1,55204,69322,1,0
CUST-0347,Customer-347,44,Address-194,100866,1,68833,55504,2,0
CUST-0348,Customer-348,33,Address-289,108820,0,94291,15199,5,0
CUST-0349,Customer-349,33,Address-245,462655,1,72618,7359,5,0
CUST-0350,Customer-350,31,Address-54,74010,0,32203,16152,3,0
CUST-0351,Customer-351,62,Address-91,322772,1,24158,68316,5,0
CUST-0352,Customer-352,51,Address-481,242524,1,35544,67028,2,0
CUST-0353,Customer-353,27,Address-151,262509,1,38232,18978,1,0
CUST-0354,Customer-354,28,Address-352,236159,0,90065,10558,4,0
CUST-0355,Customer-355,54,Address-479,72860,1,28888,36910,3,0
CUST-0356,Customer-356,38,Address-154,123947,0,51476,69790,5,0
CUST-0357,Customer-357,64,Address-389,436408,1,66363,28723,3,0
CUST-0358,Customer-358,44,Address-461,50812,1,82656,34966,0,1
CUST-0359,Customer-359,38,Address-241,489261,1,30697,70992,1,0
CUST-0360,Customer-360,57,Address-57,347679,1,35841,42368,4,0
CUST-0361,Customer-361,29,Address-178,246428,0,70942,66574,3,0
CUST-0362,Customer-362,54,Address-325,19147,0,52692,65229,5,0
CUST-0363,Customer-363,23,Address-173,399982,0,50228,30864,5,0
CUST-0364,Customer-364,63,Address-175,94760,0,25192,65334,0,0
CUST-0365,Customer-365,57,Address-209,85872,0,33966,29981,1,0
CUST-0366,Customer-366,52,Address-319,434701,1,62662,66876,0,0
CUST-0367,Customer-367,35,Address-153,126794,0,81929,23947,2,0
CUST-0368,Customer-368,27,Address-411,483570,1,44447,47831,2,0
CUST-0369,Customer-369,43,Address-118,444487,0,99201,15319,3,0
CUST-0370,Customer-370,36,Address-432,346100,1,53726,19792,3,0
CUST-0371,Customer-371,63,Address-458,327248,1,85700,62461,0,0
CUST-0372,Customer-372,23,Address-432,352447,0,77149,41281,2,0
CUST-0373,Customer-373,50,Address-396,311617,1,99200,37020,3,0
CUST-0374,Customer-374,62,Address-83,303742,0,40826,46816,0,0
CUST-0375,Customer-375,58,Address-417,379258,0,31292,33070,3,0
CUST-0376,Customer-376,56,Address-173,130015,1,24236,59546,5,0
CUST-0377,Customer-377,48,Address-354,165048,1,83762,41465,3,0
CUST-0378,Customer-378,44,Address-336,330182,1,84472,7325,0,0
CUST-0379,Customer-379,53,Address-282,66371,1,87445,46337,0,0
CUST-0380,Customer-380,65,Address-74,127309,0,45766,24148,3,0
CUST-0381,Customer-381,40,Address-381,231294,1,67692,48535,3,0
CUST-0382,Customer-382,43,Address-371,356217,1,46265,61927,1,0
CUST-0383,Customer-383,55,Address-295,484548,0,24174,62748,1,0
CUST-0384,Customer-384,22,Address-43,68263,1,81601,28833,4,0
CUST-0385,Customer-385,50,Address-210,363285,0,42471,51202,0,0
CUST-0386,Customer-386,64,Address-108,482255,0,24650,44649,5,0
CUST-0387,Customer-387,24,Address-360,288301,0,90819,16954,1,0
CUST-0388,Customer-388,58,Address-251,346512,0,63585,58159,5,0
CUST-0389,Customer-389,52,Address-343,411022,1,30470,14642,2,0
CUST-0390,Customer-390,29,Address-398,413526,0,65028,15815,0,0
CUST-0391,Customer-391,49,Address-499,396942,1,39799,11200,2,0
CUST-0392,Customer-392,63,Address-85,477709,1,71254,46786,1,0
CUST-0393,Customer-393,41,Address-431,92365,1,38905,41903,5,0
CUST-0394,Customer-394,63,Address-432,364574,0,50251,33096,2,0
CUST-0395,Customer-395,22,Address-140,117364,1,98007,60766,0,0
CUST-0396,Customer-396,47,Address-1,90968,0,44723,65468,1,0
CUST-0397,Customer-397,32,Address-161,157733,0,58699,24151,2,0
CUST-0398,Customer-398,34,Address-1,65232,0,99054,40799,0,0
CUST-0399,Customer-399,23,Address-373,485215,0,97999,40420,5,0
CUST-0400,Customer-400,39,Address-102,464007,0,47134,48211,5,0
CUST-0401,Customer-401,21,Address-173,175977,0,88819,53383,4,0
CUST-0402,Customer-402,51,Address-42,59207,0,94455,36960,4,0
CUST-0403,Customer-403,35,Address-388,448048,1,20079,47703,3,0
CUST-0404,Customer-404,45,Address-324,223726,0,61526,12688,3,0
CUST-0405,Customer-405,55,Address-54,279305,0,75497,51571,3,0
CUST-0406,Customer-406,54,Address-461,427052,1,36996,49277,0,0
CUST-0407,Customer-407,43,Address-136,197987,0,74169,34357,5,0
CUST-0408,Customer-408,53,Address-441,474290,1,80695,58862,3,0
CUST-0409,Customer-409,46,Address-317,140032,0,59387,30377,0,0
CUST-0410,Customer-410,51,Address-477,159592,1,35102,45650,5,0
CUST-0411,Customer-411,65,Address-349,110247,1,72023,35229,4,0
CUST-0412,Customer-412,45,Address-481,397665,0,85864,74472,4,0
CUST-0413,Customer-413,38,Address-455,26465,1,78332,59401,1,1
CUST-0414,Customer-414,62,Address-301,54229,0,58798,8365,3,0
CUST-0415,Customer-415,47,Address-124,411107,0,60401,54016,0,0
CUST-0416,Customer-416,21,Address-222,74764,1,49752,70478,0,0
CUST-0417,Customer-417,59,Address-394,77925,1,81145,53365,1,0
CUST-0418,Customer-418,63,Address-447,120334,1,73200,70763,1,0
CUST-0419,Customer-419,39,Address-467,214021,0,89637,67265,5,0
CUST-0420,Customer-420,43,Address-33,58748,0,37792,54225,4,0
CUST-0421,Customer-421,56,Address-395,70088,1,85011,22777,1,0
CUST-0422,Customer-422,39,Address-155,92546,1,21396,39227,4,0
CUST-0423,Customer-423,21,Address-155,273794,0,45831,47663,3,0
CUST-0424,Customer-424,58,Address-475,251421,0,48151,74967,3,0
CUST-0425,Customer-425,60,Address-21,323550,1,78671,24967,4,0
CUST-0426,Customer-426,54,Address-330,468277,0,86967,62264,4,0
CUST-0427,Customer-427,58,Address-395,5786,1,47510,20404,5,1
CUST-0428,Customer-428,41,Address-300,45150,1,74760,11241,3,1
CUST-0429,Customer-429,26,Address-115,14854,0,35376,35183,4,0
CUST-0430,Customer-430,34,Address-354,148248,0,27412,43227,4,0
CUST-0431,Customer-431,55,Address-139,490768,0,70998,46039,2,0
CUST-0432,Customer-432,50,Address-109,361648,1,89134,7125,4,0
CUST-0433,Customer-433,22,Address-184,414595,1,37252,14989,4,0
CUST-0434,Customer-434,53,Address-193,189173,0,75586,10299,0,0
CUST-0435,Customer-435,27,Address-169,214329,1,49552,58433,4,0
CUST-0436,Customer-436,32,Address-322,156580,1,30026,46922,4,0
CUST-0437,Customer-437,32,Address-361,291257,1,22766,61059,4,0
CUST-0438,Customer-438,23,Address-231,306374,0,95696,22129,4,0
CUST-0439,Customer-439,56,Address-493,41970,0,43755,47455,5,0
CUST-0440,Customer-440,25,Address-107,302342,1,23545,53090,4,0
CUST-0441,Customer-441,56,Address-79,11825,0,86838,74862,3,0
CUST-0442,Customer-442,38,Address-170,60198,0,78964,21951,5,0
CUST-0443,Customer-443,26,Address-108,491511,1,50456,18859,0,0
CUST-0444,Customer-444,48,Address-421,475586,1,87531,72361,4,0
CUST-0445,Customer-445,55,Address-397,362250,0,27666,7918,4,0
CUST-0446,Customer-446,40,Address-457,371088,0,66124,63862,3,0
CUST-0447,Customer-447,46,Address-309,200389,0,33003,37521,5,0
CUST-0448,Customer-448,45,Address-384,104132,1,70649,14660,4,0
CUST-0449,Customer-449,21,Address-461,128591,1,70644,70053,0,0
CUST-0450,Customer-450,30,Address-247,401424,0,45399,43245,4,0
CUST-0451,Customer-451,49,Address-327,106824,1,61623,59521,1,0
CUST-0452,Customer-452,48,Address-61,465218,0,20461,30772,0,0
CUST-0453,Customer-453,26,Address-436,11730,0,79943,5132,1,0
CUST-0454,Customer-454,65,Address-80,341598,1,64559,64534,2,0
CUST-0455,Customer-455,48,Address-352,429295,0,80953,14817,5,0
CUST-0456,Customer-456,48,Address-198,187701,0,97925,71912,4,0
CUST-0457,Customer-457,36,Address-306,209258,0,64638,38326,2,0
CUST-0458,Customer-458,42,Address-291,440226,0,24373,74787,3,0
CUST-0459,Customer-459,65,Address-115,268950,0,50924,20570,0,0
CUST-0460,Customer-460,23,Address-211,25688,1,22174,58922,4,0
CUST-0461,Customer-461,25,Address-494,107316,0,73926,37838,1,0
CUST-0462,Customer-462,49,Address-455,264464,1,25750,70043,0,0
CUST-0463,Customer-463,53,Address-84,153040,1,44217,63342,2,0
CUST-0464,Customer-464,34,Address-165,339596,1,80045,34811,0,0
CUST-0465,Customer-465,24,Address-462,438145,0,57786,39532,4,0
CUST-0466,Customer-466,23,Address-438,358804,1,37413,32208,1,0
CUST-0467,Customer-467,44,Address-42,283499,1,36977,65574,1,0
CUST-0468,Customer-468,28,Address-310,21728,0,85846,17184,1,0
CUST-0469,Customer-469,55,Address-324,492556,0,71839,67913,0,0
CUST-0470,Customer-470,46,Address-89,329717,0,44550,24155,5,0
CUST-0471,Customer-471,36,Address-151,88767,0,64153,73284,5,0
CUST-0472,Customer-472,23,Address-324,177355,1,40145,21198,2,0
CUST-0473,Customer-473,57,Address-50,220293,0,89843,24298,4,0
CUST-0474,Customer-474,35,Address-413,417304,0,59794,6210,5,0
CUST-0475,Customer-475,45,Address-457,395693,1,58484,29313,2,0
CUST-0476,Customer-476,44,Address-88,179858,0,71741,48982,0,0
CUST-0477,Customer-477,25,Address-352,252278,0,21722,50466,1,0
CUST-0478,Customer-478,43,Address-209,179306,1,52942,54895,0,0
CUST-0479,Customer-479,61,Address-49,120043,0,20153,11768,4,0
CUST-0480,Customer-480,46,Address-478,291098,1,31301,28188,2,0
CUST-0481,Customer-481,49,Address-41,437366,0,67838,42746,2,0
CUST-0482,Customer-482,50,Address-326,118592,0,54878,53345,3,0
CUST-0483,Customer-483,63,Address-8,72581,1,50029,58023,1,0
CUST-0484,Customer-484,59,Address-60,317260,0,67469,19133,0,0
CUST-0485,Customer-485,60,Address-257,120360,1,85815,8303,3,0
CUST-0486,Customer-486,65,Address-286,78339,1,61859,58780,5,0
CUST-0487,Customer-487,62,Address-305,155686,0,59716,15062,1,0
CUST-0488,Customer-488,39,Address-45,406289,1,54539,57505,1,0
CUST-0489,Customer-489,53,Address-49,39622,0,39364,40695,5,0
CUST-0490,Customer-490,43,Address-154,151324,0,64244,67907,1,0
CUST-0491,Customer-491,47,Address-194,374296,0,24591,10737,4,0
CUST-0492,Customer-492,62,Address-141,174946,0,98472,32313,3,0
CUST-0493,Customer-493,56,Address-452,223721,1,50762,63732,0,0
CUST-0494,Customer-494,47,Address-224,37560,0,66064,12447,0,0
CUST-0495,Customer-495,43,Address-345,325173,0,58974,58286,3,0
CUST-0496,Customer-496,53,Address-48,185393,0,36869,61906,0,0
CUST-0497,Customer-497,31,Address-18,346080,1,24866,28648,3,0
CUST-0498,Customer-498,29,Address-311,259750,0,87900,26440,5,0
CUST-0499,Customer-499,48,Address-201,358728,0,95411,71487,0,0
CUST-0500,Customer-500,47,Address-452,252344,1,24426,40541,4,0
CUST-0501,Customer-501,37,Address-190,459872,0,21732,39992,3,0
CUST-0502,Customer-502,39,Address-15,78278,1,23055,51202,5,0
CUST-0503,Customer-503,23,Address-231,425450,0,99385,54269,3,0
CUST-0504,Customer-504,42,Address-337,69211,0,50517,72114,0,0
CUST-0505,Customer-505,21,Address-44,185286,0,50382,20961,3,0
CUST-0506,Customer-506,57,Address-496,498634,0,59431,69534,3,0
CUST-0507,Customer-507,46,Address-282,285923,0,36786,58629,1,0
CUST-0508,Customer-508,28,Address-15,64800,1,43424,22344,0,0
CUST-0509,Customer-509,40,Address-59,239584,0,90586,42687,0,0
CUST-0510,Customer-510,50,Address-131,464439,0,37618,50048,1,0
CUST-0511,Customer-511,56,Address-87,113232,1,56154,40092,1,0
CUST-0512,Customer-512,36,Address-106,257865,0,26912,29894,3,0
CUST-0513,Customer-513,55,Address-401,191659,0,75223,66728,1,0
CUST-0514,Customer-514,47,Address-138,141296,1,80527,60524,3,0
CUST-0515,Customer-515,21,Address-315,136891,0,56213,53793,3,0
CUST-0516,Customer-516,62,Address-470,428767,1,74958,69750,4,0
CUST-0517,Customer-517,38,Address-235,87938,0,35949,72335,1,0
CUST-0518,Customer-518,56,Address-295,401670,0,76826,40875,1,0
CUST-0519,Customer-519,65,Address-277,226454,0,89826,6942,0,0
CUST-0520,Customer-520,63,Address-147,42538,0,76739,55280,3,0
CUST-0521,Customer-521,35,Address-170,82835,1,26087,55011,2,0
CUST-0522,Customer-522,49,Address-95,448515,0,36574,38401,5,0
CUST-0523,Customer-523,41,Address-370,213572,0,98022,50005,0,0
CUST-0524,Customer-524,56,Address-279,12840,0,55707,11860,0,0
CUST-0525,Customer-525,54,Address-461,301184,0,38807,6307,5,0
CUST-0526,Customer-526,41,Address-203,319368,0,47795,73236,5,0
CUST-0527,Customer-527,45,Address-479,210520,1,51276,18712,2,0
CUST-0528,Customer-528,25,Address-438,386053,0,41864,56495,2,0
CUST-0529,Customer-529,35,Address-216,440564,0,38020,47659,3,0
CUST-0530,Customer-530,50,Address-483,314827,0,65551,20327,1,0
CUST-0531,Customer-531,55,Address-169,279429,0,74703,74947,0,0
CUST-0532,Customer-532,43,Address-437,396964,0,57368,50050,3,0
CUST-0533,Customer-533,46,Address-391,468744,0,56594,73641,4,0
CUST-0534,Customer-534,55,Address-212,128521,0,96558,16672,0,0
CUST-0535,Customer-535,53,Address-428,333759,0,87936,42710,2,0
CUST-0536,Customer-536,27,Address-178,337438,0,40704,53412,0,0
CUST-0537,Customer-537,60,Address-473,12608,1,76515,29866,4,1
CUST-0538,Customer-538,22,Address-149,401464,1,32298,16816,2,0
CUST-0539,Customer-539,62,Address-479,382744,1,42023,69833,0,0
CUST-0540,Customer-540,28,Address-390,316298,1,36686,69286,2,0
CUST-0541,Customer-541,44,Address-465,104121,1,70429,32965,5,0
CUST-0542,Customer-542,30,Address-253,112729,1,43175,14228,1,0
CUST-0543,Customer-543,62,Address-279,48832,0,35590,38507,2,0
CUST-0544,Customer-544,32,Address-475,201575,1,56575,62243,1,0
CUST-0545,Customer-545,27,Address-340,119569,1,26959,5123,0,0
CUST-0546,Customer-546,54,Address-440,243129,0,94030,25682,5,0
CUST-0547,Customer-547,60,Address-35,266377,1,38838,33189,2,0
CUST-0548,Customer-548,24,Address-282,448407,1,67022,58674,1,0
CUST-0549,Customer-549,39,Address-461,10449,1,82439,11984,1,1
CUST-0550,Customer-550,60,Address-128,144932,1,81653,74316,0,0
CUST-0551,Customer-551,41,Address-239,156999,1,54809,36274,2,0
CUST-0552,Customer-552,23,Address-352,120455,0,39400,46994,3,0
CUST-0553,Customer-553,39,Address-285,37940,1,20625,27030,2,0
CUST-0554,Customer-554,54,Address-184,289946,0,34317,66021,0,0
CUST-0555,Customer-555,45,Address-355,364098,0,50515,68549,1,0
CUST-0556,Customer-556,49,Address-301,214100,0,52189,45102,2,0
CUST-0557,Customer-557,52,Address-148,191153,1,20806,56702,0,0
CUST-0558,Customer-558,43,Address-146,351767,1,55362,42213,2,0
CUST-0559,Customer-559,60,Address-307,211938,1,66724,43091,0,0
CUST-0560,Customer-560,65,Address-410,67824,0,33341,39383,3,0
CUST-0561,Customer-561,42,Address-25,28602,1,48377,45783,4,1
CUST-0562,Customer-562,34,Address-14,127031,0,57581,5140,5,0
CUST-0563,Customer-563,53,Address-446,123774,0,68928,17920,2,0
CUST-0564,Customer-564,23,Address-385,468843,1,89420,47339,2,0
CUST-0565,Customer-565,33,Address-39,478638,0,81425,19324,5,0
CUST-0566,Customer-566,23,Address-290,345552,0,29763,73874,5,0
CUST-0567,Customer-567,65,Address-91,115730,0,21167,58504,3,0
CUST-0568,Customer-568,51,Address-276,402876,1,57751,7751,1,0
CUST-0569,Customer-569,61,Address-443,193865,0,33583,17566,3,0
CUST-0570,Customer-570,48,Address-289,422494,1,59830,17101,4,0
CUST-0571,Customer-571,41,Address-186,411476,0,69913,54627,4,0
CUST-0572,Customer-572,50,Address-415,476053,1,99601,58745,5,0
CUST-0573,Customer-573,35,Address-108,403763,1,79531,62345,1,0
CUST-0574,Customer-574,27,Address-464,314368,1,64452,71643,3,0
CUST-0575,Customer-575,42,Address-479,418032,0,45033,74804,5,0
CUST-0576,Customer-576,65,Address-465,31970,1,44593,46326,1,0
CUST-0577,Customer-577,35,Address-87,53433,1,28685,8175,0,0
CUST-0578,Customer-578,24,Address-114,94863,0,79973,20971,2,0
CUST-0579,Customer-579,64,Address-375,432330,0,80002,10704,1,0
CUST-0580,Customer-580,48,Address-73,170087,0,41776,17555,2,0
CUST-0581,Customer-581,39,Address-178,36704,0,47821,9148,1,0
CUST-0582,Customer-582,36,Address-452,19799,0,59929,39051,4,0
CUST-0583,Customer-583,39,Address-9,481681,0,55251,17115,0,0
CUST-0584,Customer-584,58,Address-439,379707,0,83271,30324,5,0
CUST-0585,Customer-585,28,Address-403,64424,1,57705,33992,1,0
CUST-0586,Customer-586,33,Address-160,137629,0,93766,64426,4,0
CUST-0587,Customer-587,56,Address-369,424067,0,72654,23467,4,0
CUST-0588,Customer-588,47,Address-286,407794,1,97581,20242,0,0
CUST-0589,Customer-589,21,Address-440,69429,1,41199,24042,4,0
CUST-0590,Customer-590,59,Address-223,386724,1,97460,13807,3,0
CUST-0591,Customer-591,49,Address-42,54475,0,87335,17262,5,0
CUST-0592,Customer-592,22,Address-319,370300,1,29571,70783,1,0
CUST-0593,Customer-593,46,Address-391,34217,0,43694,52294,3,0
CUST-0594,Customer-594,37,Address-383,262694,0,45631,33530,0,0
CUST-0595,Customer-595,47,Address-335,219932,1,33572,49977,2,0
CUST-0596,Customer-596,51,Address-354,389390,0,82113,48407,3,0
CUST-0597,Customer-597,23,Address-149,201569,1,29544,31256,2,0
CUST-0598,Customer-598,43,Address-57,7953,0,50788,25725,1,0
CUST-0599,Customer-599,22,Address-466,242506,0,57406,66036,2,0
CUST-0600,Customer-600,36,Address-111,223409,1,63678,7008,5,0
CUST-0601,Customer-601,28,Address-386,225987,1,95171,9119,1,0
CUST-0602,Customer-602,59,Address-138,48709,1,79347,64895,5,1
CUST-0603,Customer-603,62,Address-352,448325,1,43681,43654,3,0
CUST-0604,Customer-604,50,Address-396,400648,0,53258,16217,1,0
CUST-0605,Customer-605,36,Address-407,227402,0,57290,66885,5,0
CUST-0606,Customer-606,48,Address-79,314590,1,37700,33772,2,0
CUST-0607,Customer-607,53,Address-47,63442,1,28604,39506,4,0
CUST-0608,Customer-608,35,Address-296,51055,1,95023,8529,2,1
CUST-0609,Customer-609,57,Address-337,496357,1,30711,48061,4,0
CUST-0610,Customer-610,30,Address-215,226873,0,96207,12595,4,0
CUST-0611,Customer-611,54,Address-19,264811,0,76907,40178,5,0
CUST-0612,Customer-612,53,Address-334,497422,0,66935,48276,1,0
CUST-0613,Customer-613,25,Address-241,113788,1,67066,71868,3,0
CUST-0614,Customer-614,21,Address-303,332934,0,45602,16421,2,0
CUST-0615,Customer-615,25,Address-136,406169,1,96256,41333,3,0
CUST-0616,Customer-616,21,Address-130,84295,1,39295,35104,3,0
CUST-0617,Customer-617,23,Address-46,64542,1,29602,34868,0,0
CUST-0618,Customer-618,50,Address-120,486860,0,86639,21800,5,0
CUST-0619,Customer-619,43,Address-1,116494,0,70546,5838,5,0
CUST-0620,Customer-620,61,Address-124,387666,0,37388,59106,3,0
CUST-0621,Customer-621,65,Address-23,227618,0,63447,34272,3,0
CUST-0622,Customer-622,45,Address-349,89962,1,30046,45466,4,0
CUST-0623,Customer-623,39,Address-176,87674,1,95365,35940,5,0
CUST-0624,Customer-624,25,Address-50,225592,1,89421,58115,3,0
CUST-0625,Customer-625,58,Address-276,49852,1,25217,49367,4,0
CUST-0626,Customer-626,64,Address-104,417636,1,99982,55607,2,0
CUST-0627,Customer-627,43,Address-24,306511,1,95850,62248,5,0
CUST-0628,Customer-628,41,Address-364,450625,0,26463,19299,3,0
CUST-0629,Customer-629,59,Address-97,185344,0,38272,27845,3,0
CUST-0630,Customer-630,41,Address-118,471706,1,25422,61578,5,0
CUST-0631,Customer-631,31,Address-99,394174,1,92468,29603,0,0
CUST-0632,Customer-632,45,Address-294,282745,0,77348,63776,0,0
CUST-0633,Customer-633,26,Address-222,360438,1,58140,16691,3,0
CUST-0634,Customer-634,45,Address-92,29978,0,69701,12759,0,0
CUST-0635,Customer-635,41,Address-303,70864,1,39977,72505,2,0
CUST-0636,Customer-636,39,Address-359,316230,0,26666,17284,4,0
CUST-0637,Customer-637,57,Address-73,90170,1,37176,23356,0,0
CUST-0638,Customer-638,64,Address-158,404708,1,36715,72640,5,0
CUST-0639,Customer-639,65,Address-475,488220,0,80532,71218,2,0
CUST-0640,Customer-640,32,Address-191,347519,1,20463,73199,5,0
CUST-0641,Customer-641,21,Address-441,320204,1,70862,73650,4,0
CUST-0642,Customer-642,37,Address-89,294636,1,74530,24566,0,0
CUST-0643,Customer-643,60,Address-128,132886,0,68071,19033,4,0
CUST-0644,Customer-644,30,Address-383,197803,0,93122,52417,0,0
CUST-0645,Customer-645,34,Address-168,146487,1,95147,36230,4,0
CUST-0646,Customer-646,23,Address-181,145090,1,79928,17890,1,0
CUST-0647,Customer-647,61,Address-49,174405,1,91567,44382,5,0
CUST-0648,Customer-648,47,Address-44,264834,1,72600,45022,3,0
CUST-0649,Customer-649,22,Address-373,355219,0,30470,21073,3,0
CUST-0650,Customer-650,44,Address-217,35419,1,40701,22872,4,0
CUST-0651,Customer-651,62,Address-433,275785,0,21982,45367,0,0
CUST-0652,Customer-652,35,Address-465,414103,0,85652,60921,5,0
CUST-0653,Customer-653,21,Address-46,164173,1,57076,43985,3,0
CUST-0654,Customer-654,24,Address-206,220639,0,63968,24514,2,0
CUST-0655,Customer-655,48,Address-1,101083,0,99229,48122,5,0
CUST-0656,Customer-656,43,Address-462,229712,1,68780,51456,3,0
CUST-0657,Customer-657,44,Address-469,372099,0,90435,11066,5,0
CUST-0658,Customer-658,57,Address-313,48007,1,45180,62955,0,0
CUST-0659,Customer-659,45,Address-54,223031,0,55691,36897,4,0
CUST-0660,Customer-660,46,Address-294,389556,1,77449,45889,2,0
CUST-0661,Customer-661,40,Address-55,354289,1,25619,32353,3,0
CUST-0662,Customer-662,43,Address-338,189304,0,69194,15679,3,0
CUST-0663,Customer-663,65,Address-304,88454,1,84026,35244,0,0
CUST-0664,Customer-664,41,Address-327,382502,1,62660,71889,5,0
CUST-0665,Customer-665,49,Address-87,427340,1,26507,31886,3,0
CUST-0666,Customer-666,60,Address-249,400461,1,72550,16267,1,0
CUST-0667,Customer-667,47,Address-344,165787,0,86289,8474,5,0
CUST-0668,Customer-668,34,Address-80,233202,1,37492,27495,5,0
CUST-0669,Customer-669,48,Address-328,114784,1,90405,70578,3,0
CUST-0670,Customer-670,25,Address-317,66030,0,39433,66558,3,0
CUST-0671,Customer-671,29,Address-369,170345,1,65660,66447,1,0
CUST-0672,Customer-672,63,Address-186,179519,0,39710,54314,2,0
CUST-0673,Customer-673,49,Address-304,360899,0,60458,41187,3,0
CUST-0674,Customer-674,53,Address-321,313155,0,78735,73752,3,0
CUST-0675,Customer-675,44,Address-448,492065,0,87871,10401,5,0
CUST-0676,Customer-676,57,Address-166,84882,1,50248,48049,4,0
CUST-0677,Customer-677,26,Address-109,244394,1,90058,68041,4,0
CUST-0678,Customer-678,35,Address-496,97975,1,20891,60190,1,0
CUST-0679,Customer-679,65,Address-119,416339,0,20435,55108,3,0
CUST-0680,Customer-680,41,Address-287,12497,0,90151,18517,4,0
CUST-0681,Customer-681,60,Address-46,33081,0,79121,69796,0,0
CUST-0682,Customer-682,64,Address-298,469486,1,69260,36258,4,0
CUST-0683,Customer-683,35,Address-462,27605,1,21626,71143,4,0
CUST-0684,Customer-684,28,Address-153,448003,0,28479,57741,1,0
CUST-0685,Customer-685,35,Address-410,79368,1,39625,45277,0,0
CUST-0686,Customer-686,59,Address-398,90646,0,69575,51636,2,0
CUST-0687,Customer-687,64,Address-18,385918,0,68190,64433,0,0
CUST-0688,Customer-688,30,Address-15,175840,0,40508,53590,1,0
CUST-0689,Customer-689,28,Address-399,491739,0,31047,69809,1,0
CUST-0690,Customer-690,31,Address-348,96526,1,29020,10646,1,0
CUST-0691,Customer-691,48,Address-285,247417,0,92071,71693,3,0
CUST-0692,Customer-692,59,Address-422,112280,0,41278,32563,5,0
CUST-0693,Customer-693,33,Address-463,182200,0,80497,37118,0,0
CUST-0694,Customer-694,35,Address-342,76268,0,75320,14801,4,0
CUST-0695,Customer-695,21,Address-149,225463,0,62560,7400,3,0
CUST-0696,Customer-696,58,Address-163,422362,0,94968,8292,0,0
CUST-0697,Customer-697,37,Address-236,459879,0,62516,50289,4,0
CUST-0698,Customer-698,42,Address-302,140062,0,39559,69225,1,0
CUST-0699,Customer-699,30,Address-211,116146,1,22765,51329,0,0
CUST-0700,Customer-700,65,Address-141,467303,0,31395,34781,4,0
CUST-0701,Customer-701,47,Address-222,194412,1,79174,18437,3,0
CUST-0702,Customer-702,29,Address-410,284714,1,90165,50122,5,0
CUST-0703,Customer-703,50,Address-483,64315,0,66079,74047,2,0
CUST-0704,Customer-704,36,Address-499,373889,1,61098,16641,3,0
CUST-0705,Customer-705,60,Address-47,253506,0,94564,68713,2,0
CUST-0706,Customer-706,30,Address-33,100514,0,41397,38980,2,0
CUST-0707,Customer-707,32,Address-244,100639,1,84609,56137,4,0
CUST-0708,Customer-708,38,Address-12,119000,1,30186,11278,4,0
CUST-0709,Customer-709,31,Address-405,171160,0,46522,5101,2,0
CUST-0710,Customer-710,29,Address-205,438109,1,72332,59096,0,0
CUST-0711,Customer-711,45,Address-311,65248,0,74786,26323,4,0
CUST-0712,Customer-712,57,Address-287,420131,0,38599,12134,1,0
CUST-0713,Customer-713,58,Address-296,194809,1,90818,26312,4,0
CUST-0714,Customer-714,35,Address-173,466335,1,71386,69743,3,0
CUST-0715,Customer-715,48,Address-54,365969,0,93193,38723,1,0
CUST-0716,Customer-716,33,Address-261,234591,0,58033,6027,0,0
CUST-0717,Customer-717,43,Address-465,170319,1,73755,13670,2,0
CUST-0718,Customer-718,65,Address-450,156442,1,54507,43937,4,0
CUST-0719,Customer-719,43,Address-58,324655,0,99725,35321,1,0
CUST-0720,Customer-720,62,Address-168,200400,1,27566,50096,0,0
CUST-0721,Customer-721,31,Address-111,51925,0,93858,59369,4,0
CUST-0722,Customer-722,50,Address-170,253826,0,31967,13647,1,0
CUST-0723,Customer-723,61,Address-205,54778,1,34520,71915,4,0
CUST-0724,Customer-724,63,Address-468,149724,0,69721,65903,2,0
CUST-0725,Customer-725,45,Address-54,369113,1,45093,16842,4,0
CUST-0726,Customer-726,65,Address-167,472884,1,84290,41585,5,0
CUST-0727,Customer-727,55,Address-483,299890,1,78079,14039,3,0
CUST-0728,Customer-728,32,Address-136,171284,1,85222,32565,4,0
CUST-0729,Customer-729,64,Address-409,483871,1,49398,49798,4,0
CUST-0730,Customer-730,41,Address-397,438846,0,45210,6035,3,0
CUST-0731,Customer-731,41,Address-452,238344,1,40232,32942,5,0
CUST-0732,Customer-732,37,Address-223,361578,0,59653,74662,5,0
CUST-0733,Customer-733,37,Address-251,82336,0,65922,43330,4,0
CUST-0734,Customer-734,34,Address-337,52901,0,29771,63211,1,0
CUST-0735,Customer-735,47,Address-479,473924,0,95253,66084,5,0
CUST-0736,Customer-736,25,Address-346,321599,0,89051,43772,3,0
CUST-0737,Customer-737,33,Address-333,150636,1,40464,10472,3,0
CUST-0738,Customer-738,49,Address-130,413758,1,21243,47242,0,0
CUST-0739,Customer-739,33,Address-326,336226,1,22211,30438,5,0
CUST-0740,Customer-740,34,Address-129,443891,1,97191,26884,5,0
CUST-0741,Customer-741,64,Address-316,364078,0,59667,70769,3,0
CUST-0742,Customer-742,23,Address-164,177604,0,69349,42954,3,0
CUST-0743,Customer-743,50,Address-334,302335,1,54604,20847,2,0
CUST-0744,Customer-744,38,Address-16,238976,1,41147,56184,4,0
CUST-0745,Customer-745,42,Address-177,360023,1,56509,32929,5,0
CUST-0746,Customer-746,43,Address-222,315413,0,82030,26913,4,0
CUST-0747,Customer-747,62,Address-466,473040,1,30584,21788,1,0
CUST-0748,Customer-748,55,Address-176,295956,0,94347,40121,3,0
CUST-0749,Customer-749,38,Address-182,47896,1,77020,10995,0,1
CUST-0750,Customer-750,60,Address-323,83207,1,92825,38800,0,0
CUST-0751,Customer-751,46,Address-45,425787,0,84042,73939,0,0
CUST-0752,Customer-752,41,Address-34,280091,1,40561,32607,1,0
CUST-0753,Customer-753,56,Address-146,126140,0,48168,22551,1,0
CUST-0754,Customer-754,32,Address-53,202434,1,23408,61062,3,0
CUST-0755,Customer-755,36,Address-272,373412,0,48983,35918,4,0
CUST-0756,Customer-756,42,Address-296,292961,1,56750,47421,4,0
CUST-0757,Customer-757,26,Address-441,484576,0,66437,72548,0,0
CUST-0758,Customer-758,63,Address-436,272211,1,51564,67655,2,0
CUST-0759,Customer-759,46,Address-239,355429,0,40740,9403,2,0
CUST-0760,Customer-760,22,Address-15,9408,1,99298,41479,2,1
CUST-0761,Customer-761,33,Address-360,35757,1,70520,73531,4,1
CUST-0762,Customer-762,44,Address-422,412637,1,24676,57262,0,0
CUST-0763,Customer-763,39,Address-111,239402,1,60859,13549,5,0
CUST-0764,Customer-764,21,Address-242,207908,0,64351,65715,3,0
CUST-0765,Customer-765,24,Address-11,401903,1,52911,9655,4,0
CUST-0766,Customer-766,51,Address-224,60010,1,71999,15150,2,0
CUST-0767,Customer-767,29,Address-480,47586,1,76918,47364,1,1
CUST-0768,Customer-768,40,Address-41,57657,0,40420,74479,0,0
CUST-0769,Customer-769,58,Address-297,244779,1,66038,50231,1,0
CUST-0770,Customer-770,59,Address-180,132233,0,85390,49021,2,0
CUST-0771,Customer-771,62,Address-210,313005,0,48689,69225,1,0
CUST-0772,Customer-772,57,Address-110,125712,1,92798,53310,1,0
CUST-0773,Customer-773,41,Address-380,176214,0,90284,10820,4,0
CUST-0774,Customer-774,62,Address-424,140802,0,28389,38914,1,0
CUST-0775,Customer-775,22,Address-154,141032,1,31685,23326,3,0
CUST-0776,Customer-776,54,Address-477,206960,0,51793,54854,0,0
CUST-0777,Customer-777,35,Address-208,377465,0,98062,22067,1,0
CUST-0778,Customer-778,55,Address-49,193942,0,24216,15647,3,0
CUST-0779,Customer-779,30,Address-434,399663,0,37845,32035,3,0
CUST-0780,Customer-780,59,Address-428,101301,1,23873,74143,5,0
CUST-0781,Customer-781,46,Address-331,356818,0,98129,54462,0,0
CUST-0782,Customer-782,42,Address-261,153775,0,91557,27951,3,0
CUST-0783,Customer-783,44,Address-309,359948,0,98873,37426,1,0
CUST-0784,Customer-784,61,Address-245,144009,1,40624,69808,3,0
CUST-0785,Customer-785,23,Address-106,7135,1,21679,68095,5,1
CUST-0786,Customer-786,49,Address-40,213314,0,83744,43970,1,0
CUST-0787,Customer-787,26,Address-381,346965,0,33366,66966,4,0
CUST-0788,Customer-788,51,Address-340,11372,0,28283,33505,4,0
CUST-0789,Customer-789,47,Address-169,137598,1,77176,62051,1,0
CUST-0790,Customer-790,24,Address-456,13960,0,75372,24095,0,0
CUST-0791,Customer-791,55,Address-23,487808,0,75032,40583,3,0
CUST-0792,Customer-792,55,Address-43,210174,0,41051,15743,1,0
CUST-0793,Customer-793,33,Address-156,369527,0,84783,33300,4,0
CUST-0794,Customer-794,56,Address-466,95743,0,36585,18202,1,0
CUST-0795,Customer-795,32,Address-99,243879,0,80843,72249,0,0
CUST-0796,Customer-796,48,Address-382,157435,0,66254,27969,1,0
CUST-0797,Customer-797,32,Address-177,175888,0,58564,33409,1,0
CUST-0798,Customer-798,35,Address-167,101460,1,69236,11301,2,0
CUST-0799,Customer-799,54,Address-155,112367,0,38538,62679,1,0
CUST-0800,Customer-800,59,Address-302,188572,0,85484,15566,2,0
CUST-0801,Customer-801,24,Address-346,127873,1,58040,22848,3,0
CUST-0802,Customer-802,21,Address-25,331615,1,48149,14192,1,0
CUST-0803,Customer-803,27,Address-393,155772,1,71410,73409,2,0
CUST-0804,Customer-804,22,Address-112,77534,1,36868,11012,0,0
CUST-0805,Customer-805,63,Address-395,404161,1,58086,12400,0,0
CUST-0806,Customer-806,59,Address-13,300126,1,56347,43660,3,0
CUST-0807,Customer-807,43,Address-449,108451,0,69487,30553,3,0
CUST-0808,Customer-808,40,Address-480,252840,0,31258,68811,0,0
CUST-0809,Customer-809,35,Address-320,449280,0,58872,33133,4,0
CUST-0810,Customer-810,60,Address-374,443336,0,96013,64295,1,0
CUST-0811,Customer-811,54,Address-363,84571,0,38104,23754,1,0
CUST-0812,Customer-812,53,Address-285,149995,1,91921,38766,0,0
CUST-0813,Customer-813,39,Address-207,269062,1,72886,56670,2,0
CUST-0814,Customer-814,27,Address-6,248048,0,29220,68613,3,0
CUST-0815,Customer-815,23,Address-154,262413,0,50387,71827,4,0
CUST-0816,Customer-816,34,Address-418,496675,1,20814,64307,2,0
CUST-0817,Customer-817,61,Address-328,400638,1,39447,43443,2,0
CUST-0818,Customer-818,65,Address-12,371315,1,66525,53839,4,0
CUST-0819,Customer-819,32,Address-203,356750,1,78737,34976,2,0
CUST-0820,Customer-820,43,Address-279,76993,1,30765,57587,4,0
CUST-0821,Customer-821,23,Address-216,339412,1,88229,51817,1,0
CUST-0822,Customer-822,57,Address-205,118484,1,34603,28501,1,0
CUST-0823,Customer-823,29,Address-287,491018,1,31647,49086,2,0
CUST-0824,Customer-824,26,Address-201,70300,0,92856,54194,0,0
CUST-0825,Customer-825,23,Address-347,366050,1,38162,51959,1,0
CUST-0826,Customer-826,63,Address-89,424097,1,51859,20824,2,0
CUST-0827,Customer-827,56,Address-314,277011,0,31554,13318,3,0
CUST-0828,Customer-828,49,Address-343,11404,0,58391,73009,0,0
CUST-0829,Customer-829,24,Address-371,128944,1,56242,41942,4,0
CUST-0830,Customer-830,63,Address-289,237612,0,61236,25487,2,0
CUST-0831,Customer-831,45,Address-303,136970,1,35404,60812,4,0
CUST-0832,Customer-832,58,Address-62,142258,1,77962,44851,3,0
CUST-0833,Customer-833,36,Address-146,253600,1,22469,18866,3,0
CUST-0834,Customer-834,65,Address-14,184449,0,64883,57951,0,0
CUST-0835,Customer-835,62,Address-96,362303,0,61338,47890,0,0
CUST-0836,Customer-836,41,Address-476,495806,0,74516,43542,3,0
CUST-0837,Customer-837,64,Address-18,126142,0,27815,18896,4,0
CUST-0838,Customer-838,64,Address-142,193693,1,96918,32734,4,0
CUST-0839,Customer-839,58,Address-119,482470,1,82047,54221,0,0
CUST-0840,Customer-840,34,Address-476,369586,1,53272,5239,3,0
CUST-0841,Customer-841,57,Address-324,250658,0,75016,9664,0,0
CUST-0842,Customer-842,59,Address-171,27964,0,24315,26443,4,0
CUST-0843,Customer-843,59,Address-49,304263,0,82484,32620,3,0
CUST-0844,Customer-844,49,Address-386,228471,1,60933,35667,3,0
CUST-0845,Customer-845,41,Address-272,42787,1,83067,16804,5,1
CUST-0846,Customer-846,43,Address-289,131629,1,85464,73051,2,0
CUST-0847,Customer-847,35,Address-248,443752,0,39409,42011,3,0
CUST-0848,Customer-848,64,Address-173,37024,1,59696,67950,0,1
CUST-0849,Customer-849,46,Address-192,445598,0,88481,33004,4,0
CUST-0850,Customer-850,23,Address-237,317806,1,63226,27887,0,0
CUST-0851,Customer-851,60,Address-47,176816,1,92069,46032,0,0
CUST-0852,Customer-852,62,Address-106,205766,0,64479,13812,1,0
CUST-0853,Customer-853,54,Address-358,30220,1,70014,73537,2,1
CUST-0854,Customer-854,25,Address-494,244625,1,28646,52624,4,0
CUST-0855,Customer-855,21,Address-52,392881,0,26624,21407,4,0
CUST-0856,Customer-856,58,Address-48,318079,1,73422,28918,1,0
CUST-0857,Customer-857,47,Address-27,351267,1,82523,18356,0,0
CUST-0858,Customer-858,63,Address-32,369645,0,46333,27688,3,0
CUST-0859,Customer-859,45,Address-19,25405,1,92584,23568,0,1
CUST-0860,Customer-860,24,Address-295,325524,1,82496,37702,3,0
CUST-0861,Customer-861,28,Address-70,411594,0,84134,17424,3,0
CUST-0862,Customer-862,62,Address-88,280297,0,87369,27531,5,0
CUST-0863,Customer-863,34,Address-243,51283,1,91286,16730,3,1
CUST-0864,Customer-864,39,Address-28,75694,0,31514,26439,0,0
CUST-0865,Customer-865,63,Address-141,188217,1,39135,37043,0,0
CUST-0866,Customer-866,25,Address-396,211094,0,39984,42949,4,0
CUST-0867,Customer-867,44,Address-450,405406,1,79912,19818,3,0
CUST-0868,Customer-868,40,Address-257,43232,0,99847,62893,0,0
CUST-0869,Customer-869,61,Address-221,434017,1,40335,58036,1,0
CUST-0870,Customer-870,26,Address-452,474058,0,88554,25512,0,0
CUST-0871,Customer-871,42,Address-81,8106,1,71949,9225,2,1
CUST-0872,Customer-872,64,Address-136,41157,1,96672,69908,0,1
CUST-0873,Customer-873,49,Address-95,440490,1,89929,56288,1,0
CUST-0874,Customer-874,30,Address-106,141633,1,38890,35051,1,0
CUST-0875,Customer-875,22,Address-13,239754,1,39529,54743,3,0
CUST-0876,Customer-876,33,Address-276,25970,1,33621,73313,1,0
CUST-0877,Customer-877,55,Address-54,292718,0,23072,15883,3,0
CUST-0878,Customer-878,39,Address-124,379478,0,46196,49954,4,0
CUST-0879,Customer-879,21,Address-271,474971,0,85607,14732,1,0
CUST-0880,Customer-880,27,Address-493,39783,0,21959,68863,5,0
CUST-0881,Customer-881,62,Address-324,448809,0,95548,44364,2,0
CUST-0882,Customer-882,39,Address-240,10690,1,44375,42824,1,1
CUST-0883,Customer-883,21,Address-65,59454,1,71461,38613,1,0
CUST-0884,Customer-884,27,Address-185,225951,1,88716,57872,4,0
CUST-0885,Customer-885,47,Address-263,477297,0,49601,62850,5,0
CUST-0886,Customer-886,46,Address-34,426391,0,83823,17621,3,0
CUST-0887,Customer-887,64,Address-39,314502,0,89553,8943,0,0
CUST-0888,Customer-888,41,Address-189,196327,1,43959,47286,3,0
CUST-0889,Customer-889,34,Address-483,15016,1,53348,51619,3,1
CUST-0890,Customer-890,57,Address-36,39063,0,61332,72078,1,0
CUST-0891,Customer-891,60,Address-304,169704,1,64204,14509,1,0
CUST-0892,Customer-892,56,Address-305,441337,0,52379,44822,0,0
CUST-0893,Customer-893,57,Address-187,192150,1,85507,63587,1,0
CUST-0894,Customer-894,64,Address-290,387285,1,94633,69472,3,0
CUST-0895,Customer-895,50,Address-440,485610,1,50446,5834,3,0
CUST-0896,Customer-896,50,Address-383,77526,0,99137,71618,2,0
CUST-0897,Customer-897,38,Address-17,286710,0,50041,16646,5,0
CUST-0898,Customer-898,28,Address-305,339686,0,52748,8399,5,0
CUST-0899,Customer-899,43,Address-386,246350,0,94289,40685,4,0
CUST-0900,Customer-900,65,Address-1,297193,0,92254,40384,3,0
CUST-0901,Customer-901,21,Address-183,219937,1,27695,21249,0,0
CUST-0902,Customer-902,25,Address-148,252040,0,86891,36079,4,0
CUST-0903,Customer-903,46,Address-309,474136,1,47073,31990,4,0
CUST-0904,Customer-904,59,Address-372,299894,0,39241,6494,0,0
CUST-0905,Customer-905,36,Address-278,372501,1,69343,73996,3,0
CUST-0906,Customer-906,35,Address-56,488905,1,32547,41552,1,0
CUST-0907,Customer-907,61,Address-109,376771,1,74584,49236,4,0
CUST-0908,Customer-908,56,Address-444,31175,1,24897,41200,1,0
CUST-0909,Customer-909,41,Address-9,340330,1,73575,30230,5,0
CUST-0910,Customer-910,42,Address-355,403690,1,71387,73691,4,0
CUST-0911,Customer-911,42,Address-94,158578,1,78980,10277,4,0
CUST-0912,Customer-912,33,Address-306,395443,0,66131,68463,5,0
CUST-0913,Customer-913,35,Address-29,342164,0,30597,28299,5,0
CUST-0914,Customer-914,34,Address-374,403195,0,90584,12587,5,0
CUST-0915,Customer-915,32,Address-16,351525,0,97704,10589,4,0
CUST-0916,Customer-916,40,Address-424,191823,0,86779,70300,1,0
CUST-0917,Customer-917,53,Address-384,131778,0,97007,73862,4,0
CUST-0918,Customer-918,60,Address-222,229974,1,82594,51118,0,0
CUST-0919,Customer-919,31,Address-49,47603,0,46080,39693,3,0
CUST-0920,Customer-920,30,Address-444,436043,0,24078,41363,4,0
CUST-0921,Customer-921,63,Address-429,474472,1,76204,51939,2,0
CUST-0922,Customer-922,48,Address-84,381714,1,76716,66622,5,0
CUST-0923,Customer-923,41,Address-132,485833,0,56580,44100,4,0
CUST-0924,Customer-924,23,Address-136,115958,0,90903,41230,0,0
CUST-0925,Customer-925,61,Address-443,489526,1,63676,60843,2,0
CUST-0926,Customer-926,26,Address-163,291986,0,95810,62762,5,0
CUST-0927,Customer-927,56,Address-409,418541,0,94081,9195,3,0
CUST-0928,Customer-928,51,Address-76,323635,1,94421,43295,4,0
CUST-0929,Customer-929,60,Address-491,105344,0,83582,16120,4,0
CUST-0930,Customer-930,65,Address-85,397703,1,25682,32138,4,0
CUST-0931,Customer-931,52,Address-95,375659,1,69545,55175,4,0
CUST-0932,Customer-932,30,Address-382,67714,1,76725,21743,5,0
CUST-0933,Customer-933,59,Address-360,58823,0,43613,14840,5,0
CUST-0934,Customer-934,64,Address-401,245347,0,53283,57595,0,0
CUST-0935,Customer-935,36,Address-411,339989,0,76376,34161,3,0
CUST-0936,Customer-936,41,Address-221,224596,0,59171,73190,4,0
CUST-0937,Customer-937,45,Address-155,454563,0,56979,24737,4,0
CUST-0938,Customer-938,39,Address-190,269537,0,83387,63050,0,0
CUST-0939,Customer-939,63,Address-177,289683,0,38204,30970,3,0
CUST-0940,Customer-940,35,Address-232,184571,0,88356,46442,1,0
CUST-0941,Customer-941,27,Address-73,224273,1,49627,28198,2,0
CUST-0942,Customer-942,44,Address-145,379476,1,86641,54443,2,0
CUST-0943,Customer-943,26,Address-136,7333,0,66007,42377,1,0
CUST-0944,Customer-944,21,Address-324,197996,0,85463,18895,3,0
CUST-0945,Customer-945,60,Address-257,321255,1,28842,40088,3,0
CUST-0946,Customer-946,44,Address-232,137874,0,20690,63150,1,0
CUST-0947,Customer-947,49,Address-350,203977,0,46353,52561,0,0
CUST-0948,Customer-948,60,Address-429,151470,0,71714,66659,3,0
CUST-0949,Customer-949,58,Address-196,347858,1,34890,5542,1,0
CUST-0950,Customer-950,55,Address-374,121715,0,31741,60520,1,0
CUST-0951,Customer-951,49,Address-254,78747,0,28460,34151,0,0
CUST-0952,Customer-952,64,Address-67,295263,0,23380,15732,3,0
CUST-0953,Customer-953,23,Address-192,466106,1,53978,29314,3,0
CUST-0954,Customer-954,29,Address-211,18919,1,95505,30204,5,1
CUST-0955,Customer-955,22,Address-205,196669,1,56585,7508,3,0
CUST-0956,Customer-956,41,Address-167,141119,0,81751,46769,2,0
CUST-0957,Customer-957,52,Address-498,394868,1,47758,43142,1,0
CUST-0958,Customer-958,37,Address-318,110000,1,79729,12278,5,0
CUST-0959,Customer-959,53,Address-146,439939,0,78379,28544,4,0
CUST-0960,Customer-960,27,Address-261,168626,1,57840,70020,2,0
CUST-0961,Customer-961,53,Address-12,308566,0,60845,65014,2,0
CUST-0962,Customer-962,23,Address-106,27194,0,68401,58770,5,0
CUST-0963,Customer-963,40,Address-119,181424,0,79064,67122,2,0
CUST-0964,Customer-964,41,Address-153,226812,0,69745,57271,4,0
CUST-0965,Customer-965,46,Address-490,130802,1,65157,45097,2,0
CUST-0966,Customer-966,37,Address-124,90479,0,28041,37917,5,0
CUST-0967,Customer-967,46,Address-326,444271,0,80741,66922,2,0
CUST-0968,Customer-968,40,Address-248,95725,1,59968,53329,2,0
CUST-0969,Customer-969,47,Address-445,349694,1,94520,42694,0,0
CUST-0970,Customer-970,44,Address-477,211444,0,98779,19472,0,0
CUST-0971,Customer-971,54,Address-427,250984,1,98576,62223,5,0
CUST-0972,Customer-972,31,Address-463,155186,1,42650,18778,4,0
CUST-0973,Customer-973,23,Address-311,5702,0,70730,36912,2,0
CUST-0974,Customer-974,58,Address-71,497394,1,43554,36550,5,0
CUST-0975,Customer-975,51,Address-22,129988,0,21870,5109,4,0
CUST-0976,Customer-976,24,Address-6,202360,1,82196,58632,5,0
CUST-0977,Customer-977,24,Address-271,348503,1,31273,6799,2,0
CUST-0978,Customer-978,51,Address-398,196033,1,36292,54294,0,0
CUST-0979,Customer-979,53,Address-24,180160,0,47185,42221,1,0
CUST-0980,Customer-980,59,Address-315,66673,0,24439,47377,5,0
CUST-0981,Customer-981,64,Address-423,268758,1,77029,42423,1,0
CUST-0982,Customer-982,30,Address-18,114080,0,61663,55472,0,0
CUST-0983,Customer-983,56,Address-313,151304,1,83145,39307,4,0
CUST-0984,Customer-984,34,Address-57,104767,0,23106,56945,5,0
CUST-0985,Customer-985,27,Address-382,334564,0,76970,63067,3,0
CUST-0986,Customer-986,31,Address-469,26517,0,67332,41516,3,0
CUST-0987,Customer-987,34,Address-63,338847,1,21190,40459,1,0
CUST-0988,Customer-988,55,Address-82,367461,0,83836,43181,3,0
CUST-0989,Customer-989,25,Address-263,16214,0,54431,45375,5,0
CUST-0990,Customer-990,28,Address-116,13532,1,40843,64996,2,1
CUST-0991,Customer-991,32,Address-332,9266,1,75175,27796,2,1
CUST-0992,Customer-992,49,Address-219,28763,1,99658,63823,3,1
CUST-0993,Customer-993,38,Address-395,82782,0,78734,38474,0,0
CUST-0994,Customer-994,59,Address-134,196525,0,64623,19090,2,0
CUST-0995,Customer-995,36,Address-6,356300,0,66045,40475,2,0
CUST-0996,Customer-996,46,Address-244,415031,0,51586,19111,4,0
CUST-0997,Customer-997,65,Address-56,203370,1,70456,74771,3,0
CUST-0998,Customer-998,57,Address-55,181697,0,70543,37775,1,0
CUST-0999,Customer-999,65,Address-309,391287,1,37586,49497,5,0
CUST-1000,Customer-1000,36,Address-48,56190,0,47080,58496,4,0
